{
  "1000": {
    "generate_readings_fast": {
      "n": 1000,
      "mean": 0.002121734619140625,
      "stdev": 7.395318509109778e-05,
      "min_": 0.002023935317993164,
      "max_": 0.002207040786743164,
      "time_per_row": 2.121734619140625e-06,
      "margin_of_error": 6.48228248143969e-05
    },
    "generate_readings_single_write": {
      "n": 1000,
      "mean": 0.002201747894287109,
      "stdev": 9.857463943235504e-05,
      "min_": 0.0021398067474365234,
      "max_": 0.0023980140686035156,
      "time_per_row": 2.2017478942871094e-06,
      "margin_of_error": 8.640448109428464e-05
    },
    "generate_readings_batch_write": {
      "n": 1000,
      "mean": 0.0022557735443115234,
      "stdev": 0.00013968412075321282,
      "min_": 0.002154827117919922,
      "max_": 0.002529144287109375,
      "time_per_row": 2.2557735443115233e-06,
      "margin_of_error": 0.0001224385302375374
    },
    "generate_readings_trash": {
      "n": 1000,
      "mean": 0.05839529037475586,
      "stdev": 0.027827777301274205,
      "min_": 0.025391101837158203,
      "max_": 0.09406018257141113,
      "time_per_row": 5.839529037475586e-05,
      "margin_of_error": 0.024392122269682907
    },
    "generate_readings_multi_process": {
      "n": 1000,
      "mean": 0.43731098175048827,
      "stdev": 0.053309362339112855,
      "min_": 0.383347749710083,
      "max_": 0.5313460826873779,
      "time_per_row": 0.00043731098175048825,
      "margin_of_error": 0.04672771634675003
    }
  },
  "10000": {
    "generate_readings_fast": {
      "n": 10000,
      "mean": 0.02045140266418457,
      "stdev": 0.00024981455485231346,
      "min_": 0.0201568603515625,
      "max_": 0.020830869674682617,
      "time_per_row": 2.045140266418457e-06,
      "margin_of_error": 0.00021897211195610013
    },
    "generate_readings_single_write": {
      "n": 10000,
      "mean": 0.021030998229980467,
      "stdev": 0.00025627580129510154,
      "min_": 0.02078390121459961,
      "max_": 0.021468162536621094,
      "time_per_row": 2.103099822998047e-06,
      "margin_of_error": 0.00022463564417215764
    },
    "generate_readings_batch_write": {
      "n": 10000,
      "mean": 0.022069263458251952,
      "stdev": 0.00045543039746319484,
      "min_": 0.021513938903808594,
      "max_": 0.022725343704223633,
      "time_per_row": 2.2069263458251953e-06,
      "margin_of_error": 0.00039920234447700094
    },
    "generate_readings_trash": {
      "n": 10000,
      "mean": 0.26937241554260255,
      "stdev": 0.016689690505921256,
      "min_": 0.251812219619751,
      "max_": 0.2998380661010742,
      "time_per_row": 2.6937241554260253e-05,
      "margin_of_error": 0.01462915873791173
    },
    "generate_readings_multi_process": {
      "n": 10000,
      "mean": 0.3854628562927246,
      "stdev": 0.03987403355388057,
      "min_": 0.3372490406036377,
      "max_": 0.4431643486022949,
      "time_per_row": 3.854628562927246e-05,
      "margin_of_error": 0.034951131428925114
    }
  },
  "100000": {
    "generate_readings_fast": {
      "n": 100000,
      "mean": 0.21121616363525392,
      "stdev": 0.010747444318562584,
      "min_": 0.20436787605285645,
      "max_": 0.23258590698242188,
      "time_per_row": 2.112161636352539e-06,
      "margin_of_error": 0.009420550303634338
    },
    "generate_readings_single_write": {
      "n": 100000,
      "mean": 0.2288231372833252,
      "stdev": 0.0167192422822929,
      "min_": 0.21489381790161133,
      "max_": 0.2516050338745117,
      "time_per_row": 2.288231372833252e-06,
      "margin_of_error": 0.014655062011994294
    },
    "generate_readings_batch_write": {
      "n": 100000,
      "mean": 0.25175747871398924,
      "stdev": 0.03957681800431079,
      "min_": 0.22790098190307617,
      "max_": 0.3306460380554199,
      "time_per_row": 2.5175747871398925e-06,
      "margin_of_error": 0.03469061051318438
    },
    "generate_readings_multi_process": {
      "n": 100000,
      "mean": 0.4681741714477539,
      "stdev": 0.012692346826466297,
      "min_": 0.4506988525390625,
      "max_": 0.489238977432251,
      "time_per_row": 4.681741714477539e-06,
      "margin_of_error": 0.011125332516809087
    },
    "generate_readings_trash": {
      "n": 100000,
      "mean": 2.7228259563446047,
      "stdev": 0.04514563918736577,
      "min_": 2.645359754562378,
      "max_": 2.766292095184326,
      "time_per_row": 2.7228259563446048e-05,
      "margin_of_error": 0.039571897499366265
    }
  },
  "1000000": {
    "generate_readings_multi_process": {
      "n": 1000000,
      "mean": 0.6326611995697021,
      "stdev": 0.022957745890295107,
      "min_": 0.6056840419769287,
      "max_": 0.6603889465332031,
      "time_per_row": 6.326611995697021e-07,
      "margin_of_error": 0.020123351524979582
    },
    "generate_readings_fast": {
      "n": 1000000,
      "mean": 2.1229159355163576,
      "stdev": 0.04864250984720363,
      "min_": 2.0690999031066895,
      "max_": 2.201852798461914,
      "time_per_row": 2.1229159355163576e-06,
      "margin_of_error": 0.04263703977690368
    },
    "generate_readings_single_write": {
      "n": 1000000,
      "mean": 2.169897174835205,
      "stdev": 0.03386620760627916,
      "min_": 2.1268129348754883,
      "max_": 2.2146689891815186,
      "time_per_row": 2.1698971748352053e-06,
      "margin_of_error": 0.02968503980032217
    },
    "generate_readings_batch_write": {
      "n": 1000000,
      "mean": 2.4773159980773927,
      "stdev": 0.021944790504137036,
      "min_": 2.4440598487854004,
      "max_": 2.5067338943481445,
      "time_per_row": 2.4773159980773928e-06,
      "margin_of_error": 0.019235456981142977
    }
  },
  "10000000": {
    "generate_readings_multi_process": {
      "n": 10000000,
      "mean": 3.3749647617340086,
      "stdev": 0.10710282961029231,
      "min_": 3.2475340366363525,
      "max_": 3.5476369857788086,
      "time_per_row": 3.3749647617340085e-07,
      "margin_of_error": 0.09387976937574684
    },
    "generate_readings_single_write": {
      "n": 10000000,
      "mean": 21.13155264854431,
      "stdev": 0.1590723950362768,
      "min_": 20.95755100250244,
      "max_": 21.39175510406494,
      "time_per_row": 2.1131552648544312e-06,
      "margin_of_error": 0.13943310194876748
    },
    "generate_readings_fast": {
      "n": 10000000,
      "mean": 21.268449831008912,
      "stdev": 0.24589354631106825,
      "min_": 20.958558797836304,
      "max_": 21.618589878082275,
      "time_per_row": 2.1268449831008913e-06,
      "margin_of_error": 0.21553519643377617
    },
    "generate_readings_batch_write": {
      "n": 10000000,
      "mean": 26.770452737808228,
      "stdev": 0.3507958137320331,
      "min_": 26.22387719154358,
      "max_": 27.085797786712646,
      "time_per_row": 2.6770452737808227e-06,
      "margin_of_error": 0.30748608800505467
    }
  }
}