{
  "1000": {
    "generate_readings_fast": {
      "n": 1000,
      "mean": 0.0027345657348632813,
      "stdev": 7.65176711432489e-05,
      "min_": 0.0026390552520751953,
      "max_": 0.0028488636016845703,
      "time_per_row": 2.734565734863281e-06,
      "margin_of_error": 6.70706959492612e-05
    },
    "generate_readings_single_write": {
      "n": 1000,
      "mean": 0.0029215335845947264,
      "stdev": 3.9518956490479367e-05,
      "min_": 0.0028579235076904297,
      "max_": 0.0029790401458740234,
      "time_per_row": 2.9215335845947266e-06,
      "margin_of_error": 3.4639892660126804e-05
    },
    "generate_readings_batch_write": {
      "n": 1000,
      "mean": 0.003043842315673828,
      "stdev": 0.0002015524392248799,
      "min_": 0.0028438568115234375,
      "max_": 0.0034313201904296875,
      "time_per_row": 3.043842315673828e-06,
      "margin_of_error": 0.00017666850241398877
    },
    "generate_readings_trash": {
      "n": 1000,
      "mean": 0.049118328094482425,
      "stdev": 0.009882480479102854,
      "min_": 0.03174996376037598,
      "max_": 0.06128501892089844,
      "time_per_row": 4.911832809448242e-05,
      "margin_of_error": 0.008662376069934757
    },
    "generate_readings_multi_process": {
      "n": 1000,
      "mean": 0.4786833763122559,
      "stdev": 0.035721406547705434,
      "min_": 0.43398284912109375,
      "max_": 0.5117838382720947,
      "time_per_row": 0.00047868337631225586,
      "margin_of_error": 0.03131119337068956
    }
  },
  "10000": {
    "generate_readings_fast": {
      "n": 10000,
      "mean": 0.026311445236206054,
      "stdev": 0.0004736550104854408,
      "min_": 0.025798797607421875,
      "max_": 0.027061939239501953,
      "time_per_row": 2.6311445236206053e-06,
      "margin_of_error": 0.00041517692212089793
    },
    "generate_readings_single_write": {
      "n": 10000,
      "mean": 0.02748875617980957,
      "stdev": 0.00020801210934186915,
      "min_": 0.02722787857055664,
      "max_": 0.027838945388793945,
      "time_per_row": 2.748875617980957e-06,
      "margin_of_error": 0.00018233065291956306
    },
    "generate_readings_batch_write": {
      "n": 10000,
      "mean": 0.03014798164367676,
      "stdev": 0.004013393395969223,
      "min_": 0.027731895446777344,
      "max_": 0.03813004493713379,
      "time_per_row": 3.014798164367676e-06,
      "margin_of_error": 0.0035178944179036784
    },
    "generate_readings_trash": {
      "n": 10000,
      "mean": 0.3717507362365723,
      "stdev": 0.009942341791898832,
      "min_": 0.3586890697479248,
      "max_": 0.383450984954834,
      "time_per_row": 3.717507362365723e-05,
      "margin_of_error": 0.00871484682407136
    },
    "generate_readings_multi_process": {
      "n": 10000,
      "mean": 0.5002669811248779,
      "stdev": 0.03866588759782395,
      "min_": 0.45194005966186523,
      "max_": 0.5422658920288086,
      "time_per_row": 5.0026698112487786e-05,
      "margin_of_error": 0.033892144807007356
    }
  },
  "100000": {
    "generate_readings_fast": {
      "n": 100000,
      "mean": 0.26393609046936034,
      "stdev": 0.004376913577728828,
      "min_": 0.2608950138092041,
      "max_": 0.27260875701904297,
      "time_per_row": 2.6393609046936032e-06,
      "margin_of_error": 0.0038365339062458397
    },
    "generate_readings_single_write": {
      "n": 100000,
      "mean": 0.2812197685241699,
      "stdev": 0.0021036735938136076,
      "min_": 0.2794959545135498,
      "max_": 0.2849609851837158,
      "time_per_row": 2.812197685241699e-06,
      "margin_of_error": 0.0018439512060294948
    },
    "generate_readings_batch_write": {
      "n": 100000,
      "mean": 0.29652843475341795,
      "stdev": 0.0025872015135731583,
      "min_": 0.2940971851348877,
      "max_": 0.29980897903442383,
      "time_per_row": 2.9652843475341795e-06,
      "margin_of_error": 0.002267782114689251
    },
    "generate_readings_multi_process": {
      "n": 100000,
      "mean": 0.516944694519043,
      "stdev": 0.043527825000413294,
      "min_": 0.4790959358215332,
      "max_": 0.5737519264221191,
      "time_per_row": 5.16944694519043e-06,
      "margin_of_error": 0.038153820840546464
    },
    "generate_readings_trash": {
      "n": 100000,
      "mean": 3.664128828048706,
      "stdev": 0.16183551987364658,
      "min_": 3.3841168880462646,
      "max_": 3.8835678100585938,
      "time_per_row": 3.664128828048706e-05,
      "margin_of_error": 0.14185508765570481
    }
  },
  "1000000": {
    "generate_readings_multi_process": {
      "n": 1000000,
      "mean": 0.735060453414917,
      "stdev": 0.06397699614708299,
      "min_": 0.6505191326141357,
      "max_": 0.8180301189422607,
      "time_per_row": 7.350604534149169e-07,
      "margin_of_error": 0.05607830965339892
    },
    "generate_readings_fast": {
      "n": 1000000,
      "mean": 2.6136916637420655,
      "stdev": 0.01201062875310238,
      "min_": 2.6005489826202393,
      "max_": 2.6346189975738525,
      "time_per_row": 2.6136916637420657e-06,
      "margin_of_error": 0.010527780279024578
    },
    "generate_readings_single_write": {
      "n": 1000000,
      "mean": 2.737809419631958,
      "stdev": 0.024162142428556146,
      "min_": 2.7229321002960205,
      "max_": 2.7860121726989746,
      "time_per_row": 2.737809419631958e-06,
      "margin_of_error": 0.02117905163729509
    },
    "generate_readings_batch_write": {
      "n": 1000000,
      "mean": 3.1316646575927733,
      "stdev": 0.03577778949722365,
      "min_": 3.085163116455078,
      "max_": 3.1760919094085693,
      "time_per_row": 3.131664657592773e-06,
      "margin_of_error": 0.03136061520498428
    }
  },
  "10000000": {
    "generate_readings_multi_process": {
      "n": 10000000,
      "mean": 3.0071168899536134,
      "stdev": 0.021515644771682912,
      "min_": 2.983376979827881,
      "max_": 3.0392699241638184,
      "time_per_row": 3.007116889953613e-07,
      "margin_of_error": 0.018859294161374603
    },
    "generate_readings_fast": {
      "n": 10000000,
      "mean": 25.69956703186035,
      "stdev": 0.0312963815088269,
      "min_": 25.65017604827881,
      "max_": 25.74608588218689,
      "time_per_row": 2.5699567031860352e-06,
      "margin_of_error": 0.02743248790937372
    },
    "generate_readings_single_write": {
      "n": 10000000,
      "mean": 27.08288025856018,
      "stdev": 0.010414319937158753,
      "min_": 27.067471265792847,
      "max_": 27.09300470352173,
      "time_per_row": 2.708288025856018e-06,
      "margin_of_error": 0.009128553909015976
    },
    "generate_readings_batch_write": {
      "n": 10000000,
      "mean": 31.180053091049196,
      "stdev": 0.23078937647800704,
      "min_": 30.791015148162842,
      "max_": 31.397505044937134,
      "time_per_row": 3.1180053091049196e-06,
      "margin_of_error": 0.20229580784152895
    }
  }
}